{"schemaVersion":4,"dbmsVersion":"23.11.1","dbmsBuild":"798b2b6f581bb4e6017535815dc3257f72c5fd81","settings":{"zoneId":"Etc/UTC","dateFormat":"yyyy-MM-dd","dateTimeFormat":"yyyy-MM-dd HH:mm:ss"},"types":{"Game":{"type":"v","parents":[],"buckets":["Game_0","Game_1","Game_2","Game_3","Game_4","Game_5","Game_6","Game_7"],"properties":{},"indexes":{},"custom":{}},"plays":{"type":"e","parents":[],"buckets":["plays_0","plays_1","plays_2","plays_3","plays_4","plays_5","plays_6","plays_7"],"properties":{},"indexes":{},"custom":{}},"Players":{"type":"v","parents":[],"buckets":["Players_0","Players_1","Players_2","Players_3","Players_4","Players_5","Players_6","Players_7"],"properties":{},"indexes":{},"custom":{}}}}